{
    "bsize": [
        1,
        1,
        1,
        1,
        1,
        1,
        1,
        1,
        1,
        1,
        1,
        1,
        128,
        128,
        128,
        128,
        128,
        128,
        128,
        128,
        128,
        128,
        128,
        128
    ],
    "num_subrepeats": [
        1048576,
        131072,
        65536,
        16384,
        8192,
        4096,
        1024,
        512,
        256,
        64,
        32,
        16,
        1048576,
        131072,
        65536,
        16384,
        8192,
        4096,
        1024,
        512,
        256,
        64,
        32,
        16
    ],
    "optlevel": [
        3,
        3,
        3,
        3,
        3,
        3,
        3,
        3,
        3,
        3,
        3,
        3,
        3,
        3,
        3,
        3,
        3,
        3,
        3,
        3,
        3,
        3,
        3,
        3
    ],
    "size": [
        20,
        40,
        60,
        80,
        100,
        150,
        200,
        300,
        400,
        600,
        800,
        1000,
        20,
        40,
        60,
        80,
        100,
        150,
        200,
        300,
        400,
        600,
        800,
        1000
    ],
    "time_mean": [
        1.766130949432121e-06,
        1.2322768778716409e-05,
        3.0293334158937313e-05,
        8.164670771826366e-05,
        0.0001635160015283077,
        0.0005439568130469753,
        0.0010031832918571126,
        0.0033806227505124298,
        0.007691122008736784,
        0.023770187957325106,
        0.06739917198228794,
        0.12806125286442693,
        2.1615146185427476e-06,
        1.0260964263153483e-05,
        3.66329083578698e-05,
        6.736594752609905e-05,
        0.00012647311315561183,
        0.000455540408268007,
        0.001012272564793193,
        0.0034127349841241994,
        0.009623393168226357,
        0.029096283450599007,
        0.06363094183143403,
        0.1271567807507381
    ],
    "time_min": [
        1.7645841579039256e-06,
        1.0352097701726848e-05,
        3.0263071597147473e-05,
        6.89423029172076e-05,
        0.00012971298036745793,
        0.0004608245109807285,
        0.0010014033330207894,
        0.0033728761172824306,
        0.007682964734158304,
        0.02372974248646642,
        0.05940401669067796,
        0.10902257093403023,
        1.8088331195098561e-06,
        1.0253362633605434e-05,
        3.052148603899241e-05,
        6.731536359438905e-05,
        0.00012643322645544686,
        0.000455127287580126,
        0.0009969465331778338,
        0.0033985363397732726,
        0.007644523300768924,
        0.023709778659394942,
        0.05619368143379688,
        0.10908298975846265
    ],
    "time_stdev": [
        1.903932345681001e-09,
        2.9563974993996773e-06,
        2.2990692620112075e-08,
        1.869234692823089e-05,
        3.544446055351557e-05,
        0.00010645576225075863,
        1.161924330859627e-06,
        5.31144431384604e-06,
        9.240298391735379e-06,
        3.108008742054046e-05,
        0.009802620175906608,
        0.02785129921393349,
        4.623134695012671e-07,
        5.566095968571454e-09,
        5.933755370829831e-06,
        7.563657936407478e-08,
        2.7052197925618083e-08,
        3.968590752571217e-07,
        3.8399630646599195e-05,
        1.0210625622513582e-05,
        0.0022339895544979177,
        0.004552866799197598,
        0.013515246661244377,
        0.022998959905203068
    ]
}